label, thumb, index, middle, ring, Pinky, tip_thumb, tip_index, tip_middle, tip_ring, tip_pinky, tip_thumb_index, tip_thumb_middle, tip_thumb_ring, tip_thumb_pinky, tip_index_middle, tip_index_ring, tip_index_pinky, tip_middle_ring, tip_middle_pinky, tip_ring_pinky, dip_thumb, dip_index, dip_middle, dip_ring, dip_pinky, dip_thumb_index, dip_thumb_middle, dip_thumb_ring, dip_thumb_pinky, dip_index_middle, dip_index_ring, dip_index_pinky, dip_middle_ring, dip_middle_pinky, dip_ring_pinky, pip_thumb, pip_index, pip_middle, pip_ring, pip_pinky, pip_thumb_index, pip_thumb_middle, pip_thumb_ring, pip_thumb_pinky, pip_index_middle, pip_index_ring, pip_index_pinky, pip_middle_ring, pip_middle_pinky, pip_ring_pinky, mcp_thumb, mcp_index, mcp_middle, mcp_ring, mcp_pinky, mcp_thumb_index, mcp_thumb_middle, mcp_thumb_ring, mcp_thumb_pinky, mcp_index_middle, mcp_index_ring, mcp_index_pinky, mcp_middle_ring, mcp_middle_pinky, mcp_ring_pinky, angle_thumb_index, angle_thumb_middle, angle_thumb_ring, angle_thumb_pinky, angle_index_middle, angle_index_ring, angle_index_pinky, angle_middle_ring, angle_middle_pinky, angle_ring_pinky, angle_thumb, angle_index, angle_middle, angle_ring, angle_pinky, palm_dir_x, palm_dir_y, palm_dir_z, palm_sphere_radius, palm_grab, palm_pinch, palm_norm_x, palm_norm_y, palm_norm_z, rotation_x, rotation_y, rotation_z, translation_x, translation_y, translation_z, tip_diff_thumb_x, tip_diff_thumb_y, tip_thumb_z, tip_diff_index_x, tip_diff_index_y, tip_diff_index_z, tip_diff_middle_x, tip_diff_middle_y, tip_diff_middle_z, tip_diff_ring_x, tip_diff_ring_y, tip_diff_ring_z, tip_diff_pinky_x, tip_diff_pinky_y, tip_diff_pinky_z
26.0,0.0,1.0,0.0,0.0,0.0,0.61663016114461544,0.91103728437941578,0.38321596206208169,0.35461380569486145,0.33785210757990847,0.41272336606045096,0.28609039163735817,0.34980454373738068,0.36719703223809663,0.63133857428992801,0.68005634088205902,0.67451632146007512,0.091515053547523262,0.15836996818902041,0.08152987585350932,2.3088622968899961,1.3206553716187546,0.95465854525599991,1.0041094815715859,1.4846794475358438,0.90903300082804095,0.93265702128860517,0.94769811191593667,0.98857738376970838,0.24243278654027525,0.48625963038119074,0.7107277079277815,0.2496315722975877,0.48095687837974188,0.23456975140183822,0.65966179521361179,0.97086483742702412,0.70449380812088647,0.61046689328432491,0.61558474851544798,0.60369743430192513,0.35491712971204881,0.39552715545174899,0.47761118388296575,0.36687585347734519,0.46272345177978647,0.55056573239208184,0.15829098889898757,0.29192988021938227,0.13524728481593018,0.5627733835033174,0.92129599345138569,0.49062294186235028,0.43119749793877415,0.41580943375839297,0.50043137808804816,0.091096019625712316,0.19798163352984832,0.27639763250877059,0.56151862376800232,0.62022566968943871,0.62601907660472011,0.11475833903549788,0.20661595237664232,0.10432309407163337,23.737084915479073,129.01905640244181,135.81954107975417,134.18460382077006,138.50716929173541,141.1192521964017,133.69411427609313,9.0090320016863945,18.050942292881409,11.261083362205174,54.273737555374453,58.7639995383892,79.983460930989111,84.184899827213428,80.445240629263566,0.12974253855645657,0.44301944226026535,-0.8815857321023941,40.778252601623535,0.0,0.49633196741342545,-0.12105358205735683,-0.87845324724912643,-0.45837581530213356,0.007272825576364994,0.20241677761077881,-0.082349367439746857,30.336587905883789,-45.667545318603516,11.081308364868164,0.0,0.0,0.0,41.860988616943359,-62.097000122070312,7.7680902481079102,0.0,0.0,0.0,0.0,0.0,0.0,0.0,0.0,0.0
26.0,0.0,1.0,0.0,0.0,0.0,0.63478693264121322,0.90707326920378206,0.53370231991595807,0.49334121942423853,0.4129621126689047,0.3991011820513034,0.2388082456794369,0.29564510205637656,0.31363369906390137,0.61455144793372463,0.65569649424712562,0.63807346339777393,0.084245351509653524,0.15768649182762054,0.088556748783749237,2.2908935992152824,1.2996208673885112,0.96086800284176332,1.0379038753237382,1.5264813300583522,0.90903292023271787,0.93265699826137005,0.94769808888870144,0.98857736074247315,0.24243280093229722,0.48625964189480836,0.71072771368459031,0.24963158668960964,0.48095688989335944,0.23456974276662504,0.67274274709705084,0.96432263581538524,0.70442488917848456,0.61960507048760505,0.62985032246644668,0.59953414740444533,0.35912513253608719,0.40376795527153297,0.48628654574335806,0.35399345603870785,0.45222373001341248,0.54498602917852612,0.15765961920736798,0.29229729928116777,0.13587118713972837,0.58404237378563828,0.91656857919991175,0.58864390740722672,0.5275205892047522,0.46623642035628293,0.48920240337903659,0.075174942498241124,0.17488093096894453,0.26296204126183348,0.53943747627598881,0.59336447635568856,0.59712446262549845,0.11208454536227792,0.2135595497261315,0.1135022111007562,20.970753821073949,109.72662872377612,114.06699452149215,113.88881623038768,113.72010372769918,114.8926704770456,109.84981545432554,9.0291609960572465,21.448301331212498,13.020168807586044,53.155313288691886,55.453558819393066,58.781183867454132,61.794784992008346,61.754164149466988,0.11480759578989819,0.47330961748957634,-0.86404579877853394,41.032590866088867,0.013805583585053682,0.6943710520863533,-0.23791758343577385,-0.8333103209733963,-0.49230369180440903,0.21814471483230591,0.23615434765815735,0.079526796936988831,63.649398803710938,-36.622474670410156,1.4397011995315552,0.0,0.0,0.0,83.716270446777344,-63.426025390625,-7.007904052734375,0.0,0.0,0.0,0.0,0.0,0.0,0.0,0.0,0.0
26.0,0.0,1.0,0.0,0.0,0.0,0.57732409087918435,0.91495703046497978,0.45528290621206419,0.42379259121077939,0.38186643527003156,0.44920744944172003,0.24484369771583009,0.29651310388368463,0.31332885396955085,0.6494179987951082,0.69256038444809154,0.68111982231550217,0.088963575164472161,0.16440987113021133,0.088327640972340485,2.2472397878797223,1.3046261421120069,0.99112063539642548,1.0720752768845978,1.5527668963710888,0.90408722278225484,0.92758271672998827,0.94254194553646253,0.98319879732619542,0.24111380378293998,0.48361401982445984,0.70686085371318863,0.24827337991564918,0.47834010367819191,0.2332935215849104,0.62287182835746091,0.97668454418520034,0.71285300354201231,0.62682395760664056,0.63561148587261063,0.61246679940329107,0.35289990790376852,0.3915845157434652,0.47113473634720515,0.38951381522233192,0.47865635053685196,0.56040742763336415,0.15797021257879326,0.29075607755153227,0.13424662490250816,0.5419978693930696,0.92638989679623096,0.54076168555710369,0.48299021638685485,0.44965325120021443,0.51909640207026064,0.078787744889419392,0.1758174725043111,0.25672947421779346,0.58172292231822897,0.63451134041584945,0.63580670892226132,0.11448280877064845,0.21360956713363449,0.11078253613121856,25.915855710001313,119.79054022048015,125.6043750438802,125.64650706577542,132.92808977765597,134.87017210587905,129.87318692607752,8.6120513752849117,17.15689881177877,9.4938706320422224,55.324113501129794,64.5584250986022,68.7247931078726,72.303772959371557,70.763038523193941,0.029888570657931268,0.36835930496454239,-0.92432637512683868,40.661696910858154,0.0,0.65947601199150085,-0.28022885508835316,-0.88506013154983521,-0.36434917151927948,0.089287817478179932,0.018868939951062202,-0.099027529358863831,11.056333541870117,-29.714134216308594,-12.728836059570312,0.0,0.0,0.0,10.767698287963867,-58.354949951171875,-14.817243576049805,0.0,0.0,0.0,0.0,0.0,0.0,0.0,0.0,0.0
26.0,0.0,1.0,0.0,0.0,0.0,0.60278695239987246,0.90344944644461744,0.4626019161024848,0.42612295667594696,0.3603535671604311,0.38124589997393299,0.25797157160977074,0.31580650289946127,0.33063935255961585,0.61296117929994054,0.65776897960296765,0.64415487926344961,0.081608942938189752,0.15100668615700563,0.084868220592908855,2.2665467530391457,1.3107331292430799,0.98535688639487029,1.0592249444649704,1.5368260723608378,0.90754922941936722,0.93113472531557295,0.94615125739664729,0.98696379632303688,0.2420371095591819,0.48546593915463926,0.70956764187682864,0.24922408522328138,0.48017179933912574,0.23418688619868561,0.61927908424955813,0.96415406662543512,0.70723813380325717,0.61846786120107833,0.62886828685712137,0.58714769756980234,0.35341003794112208,0.39131848860579693,0.47037680331117893,0.34841548004978323,0.44991241942462551,0.54326134548686156,0.16140004121326854,0.29650973531509239,0.13641395788433106,0.54011799727037724,0.91430762117082542,0.5434100720935453,0.48146040285234154,0.43418044239077574,0.47712428496231296,0.070402988641096551,0.16734608047203339,0.24726734400458852,0.53846225563200878,0.59541008319063682,0.60011234442870953,0.11055173982513587,0.20750467678871698,0.10947235801953965,22.78038501419044,118.11986911930586,124.99664017945813,126.35317551277788,122.30390981616686,124.46776497164565,119.95329765198603,11.256506068244208,23.93453415843992,13.21801975104745,55.165207869428983,55.476332377633177,67.003287470026862,71.122387582033014,71.594211927255614,0.15307499677874148,0.44510713592171669,-0.87521801888942719,39.766828536987305,0.010925145819783211,0.6188550665974617,-0.28356915898621082,-0.83207607269287109,-0.47397734969854355,0.17418588697910309,0.23921354115009308,0.12057778239250183,72.205635070800781,-11.24454402923584,-17.428804397583008,0.0,0.0,0.0,91.645797729492188,-43.095046997070312,-25.459842681884766,0.0,0.0,0.0,0.0,0.0,0.0,0.0,0.0,0.0
26.0,0.0,1.0,0.0,0.0,0.0,0.61404954186355942,0.89011776870384163,0.4706884485855416,0.43284678348869216,0.37612076921043724,0.33421979273334812,0.26256900443778775,0.32514076229351963,0.34800883541125471,0.57927951849220605,0.62778029091015475,0.62247739246397338,0.083706188895220163,0.15845055776795497,0.088744324124667082,2.2787103926643417,1.3234123494876244,0.98375043982275856,1.0398510797108367,1.5155569421869866,0.90754922941936711,0.93113474834280818,0.94615125739664729,0.9869638308638895,0.24203709228875556,0.48546593339783051,0.70956765339044614,0.24922409961530331,0.48017183963678711,0.2341868919554943,0.63724954209204887,0.95075241336807703,0.71373820030769963,0.62103260216718026,0.62571340992036684,0.5662551116675596,0.3585101791550161,0.39795941782403021,0.47716070834609031,0.31708280769025998,0.42443534562638452,0.52060693288683391,0.16123658435074362,0.29472900894156712,0.13497837129398968,0.55213023936084638,0.90078970483058174,0.55134868651268898,0.48738227275507989,0.44289220999734458,0.43779148688218156,0.080846774353141443,0.18114536307574589,0.26521675158600649,0.50227968192253991,0.56356596869728293,0.57561542157695456,0.11207386373105041,0.21197698879757973,0.11201075853832136,20.551035815090611,118.57371982172758,124.99169341495171,124.86763839660406,114.93446440457691,117.74763405482392,114.11460008623349,10.807586975846654,20.37376529881551,10.358857741363686,55.003233775243537,48.49952508623646,66.544718814435953,70.763821433627555,70.051422457911457,0.17457288946025074,0.48742396384477615,-0.85013792663812637,40.326455593109131,0.10778632655274123,0.59610378742218018,-0.24196010828018188,-0.81863783299922943,-0.51888199523091316,0.083856754004955292,0.20127956569194794,0.057282000780105591,48.141941070556641,-11.158147811889648,-13.878625869750977,0.0,0.0,0.0,66.121917724609375,-42.909866333007812,-18.623050689697266,0.0,0.0,0.0,0.0,0.0,0.0,0.0,0.0,0.0
26.0,0.0,1.0,0.0,0.0,0.0,0.5998547529574404,0.88258910841027072,0.45960698309231218,0.42634073741971673,0.36180511831317325,0.31923169752429259,0.27002181834648797,0.33115528055747301,0.33827537955953485,0.57536175613898943,0.6246820479124745,0.60770095816174519,0.084291547796793431,0.14831240046559435,0.083023948120628965,2.2683738787068872,1.3083867123267114,0.98408830393745927,1.058185800944192,1.5379881784587406,0.90754921790574961,0.93113473682919046,0.94615123436941218,0.98696379632303677,0.24203710668077752,0.4854659391546392,0.70956764763363755,0.24922409385849456,0.48017184539359592,0.23418690634751632,0.63116047983034407,0.94230918501217265,0.70457184435269549,0.6157239956973527,0.6329802634728674,0.55747622763933835,0.35724982718004467,0.40100073414569842,0.48795104909060116,0.31580292272385024,0.42219156952067005,0.51760055256203552,0.15964457645954097,0.29428975652651634,0.13636664536341073,0.53871235014927343,0.89331089002165132,0.53983155689183826,0.48008020405401275,0.4369521797891518,0.42417916171181752,0.092819401998632964,0.19081150943465203,0.26361254259489841,0.49942576683211692,0.56115672258329219,0.56375097484308045,0.11179913904363034,0.20499614610455852,0.10849462137009348,22.943670718139945,120.46451425947305,126.9672812361483,127.1702488450717,114.80158990446348,117.65095699599061,112.94655577589127,10.296952748708097,23.939825634055975,14.464930548188516,55.600117176621787,46.271020482716189,68.59575717407273,72.591014003595504,71.871277697163549,0.17736785113811493,0.51629248261451721,-0.83312501013278961,40.322401523590088,0.17362656211480498,0.56065436452627182,-0.21591115184128284,-0.80783054977655411,-0.54663359746336937,-0.00034400430740788579,0.20610783994197845,0.067595042288303375,47.088699340820312,-6.2945141792297363,-9.0623331069946289,0.0,0.0,0.0,57.032276153564453,-40.84503173828125,-11.5445556640625,0.0,0.0,0.0,0.0,0.0,0.0,0.0,0.0,0.0
26.0,0.0,1.0,0.0,0.0,0.0,0.61243729356266174,0.89269897624928374,0.56601872493655681,0.51838176418613957,0.42960046842421895,0.32203245589502943,0.23604420587713867,0.29665429585426217,0.30280442989250628,0.55508260736339643,0.60733315817431355,0.59040226256702533,0.089848963164128715,0.16002627998483535,0.090148387732168905,2.2640077180459075,1.3072916928313605,0.990295074515814,1.0679228366590363,1.550763146718195,0.90754921790574972,0.93113470228833806,0.94615123436941218,0.98696380783665438,0.24203708941035115,0.48546593915463926,0.70956763612001983,0.24922409385849453,0.4801718223663608,0.23418687756347242,0.63595202526031036,0.95432531227190787,0.70622533812762023,0.61799760176748642,0.63401105644770417,0.55532846603172326,0.35306351445909478,0.39335585752982866,0.47884830276751156,0.3180397976075946,0.43069153363892176,0.5291273703743784,0.15868070834989795,0.29219854809159751,0.13524116660245947,0.54920138103595939,0.90387309197888444,0.60993810186633957,0.54252304818075736,0.4769076776489598,0.42811109563592348,0.081154840995276714,0.16791645533088712,0.24458135681846047,0.48403581707525539,0.55114556612682608,0.56004902920648414,0.11644913376711447,0.21597051766016329,0.11483588603450602,25.9329764329296,106.00956806046891,111.95357775171296,112.06848800053558,97.777331445375651,100.45805348233236,95.47819500187461,9.0189602152535358,22.027395078010617,14.140599655780695,54.932314213544004,45.285661534556994,53.221380854759779,57.650791828685257,57.661406796429105,0.20600639190524817,0.59046536684036255,-0.77418292313814163,39.683332920074463,0.15414887480437756,0.70055225491523743,-0.22931409813463688,-0.74271612614393234,-0.62645567953586578,0.16756324470043182,0.23144176602363586,0.097780883312225342,66.84783935546875,-14.269775390625,-22.243913650512695,0.0,0.0,0.0,89.469146728515625,-44.632354736328125,-31.405368804931641,0.0,0.0,0.0,0.0,0.0,0.0,0.0,0.0,0.0
26.0,0.0,1.0,0.0,0.0,0.0,0.62492293297538959,0.9045080062572225,0.64541068893177,0.5888451479100012,0.48566799096276991,0.33660267704153479,0.20638027965880351,0.26782304066122353,0.27755749335925006,0.54240974215114379,0.59665615238975911,0.5803363877910438,0.094986227359213429,0.17145778393978089,0.096739048955860413,2.2709584845583728,1.3134123512199078,0.97616612027043603,1.044442358443056,1.522535326804904,0.90754921790574961,0.93113470228833806,0.94615124588302979,0.98696377329580176,0.24203710092396871,0.48546593915463926,0.70956763612001994,0.24922409961530331,0.48017180509593455,0.23418685741464168,0.65117623042235384,0.96849785823367374,0.70276763488119398,0.60901511594238356,0.62134671004394948,0.5637206897157695,0.35399394733815848,0.39399862690401299,0.47976709799083916,0.33348047956586863,0.44734669632424456,0.54505519492930576,0.15822999292071266,0.29104870394851812,0.13462915526067654,0.56450414996017262,0.91643978440201723,0.66121767220963656,0.58749114357849597,0.50485713576518443,0.43965232517598829,0.096471699654143456,0.17150058811644048,0.25101462005273517,0.48196414208017879,0.55211469367606758,0.56537690675848562,0.12041504027473128,0.22580199291901148,0.12052738008154205,25.30865850953294,93.252045959844352,98.207924499899818,97.131175059324931,85.930656905480973,88.247080557771284,82.45397791982316,7.5751997376947084,19.435522062768133,13.297620269738662,54.199031507553777,47.828674578128371,39.663841684859392,44.046397987965406,44.348069514358301,0.23223545402288437,0.55736545100808144,-0.79148780554533005,40.441143035888672,0.11076056398451328,0.80685004591941833,-0.18977016769349575,-0.77440175414085388,-0.60043209046125412,0.10631036013364792,0.12385223805904388,0.013696188107132912,57.067241668701172,-17.16908073425293,-15.473933219909668,0.0,0.0,0.0,73.30816650390625,-47.719039916992188,-20.163305282592773,0.0,0.0,0.0,0.0,0.0,0.0,0.0,0.0,0.0
26.0,0.0,1.0,0.0,0.0,0.0,0.61043240951427835,0.88756157556490645,0.55267769203602901,0.50768753470013572,0.41974208361025955,0.31501801980918687,0.23830262401132174,0.29184125941077643,0.30380878186547389,0.54972269042538879,0.59486411312819043,0.58349818881570481,0.08433926029554259,0.15819939438297559,0.089780494901208777,2.269087914016267,1.3089654228563834,0.98503880574130931,1.0573705353373877,1.5412113078216632,0.9075492063921321,0.93113470228833795,0.94615125739664729,0.98696380783665449,0.24203709804556436,0.48546594491144807,0.70956763612001972,0.24922410249370772,0.48017182236636086,0.23418686317145049,0.63220116664605164,0.94814891673170387,0.71509479976330037,0.6300316544235085,0.63904332564112143,0.55308414872895784,0.35750990882670525,0.40080318186895736,0.48096154675044517,0.30752823859508277,0.41719452826413955,0.51963240588207904,0.1593112163483405,0.29478986482273306,0.13682007253526665,0.54887517083517778,0.89835817706754106,0.60519212213097151,0.54086439309699119,0.47408158400450928,0.42010959284961896,0.083236766352855956,0.16906168861590343,0.24852604978710413,0.4764682292135583,0.53653317272421663,0.55033131775495303,0.11298631768756452,0.21543543197500301,0.11472228659753296,23.365618247278761,108.35505416767764,113.36139585286844,113.96633973124096,99.489030639120571,101.33145453093765,97.58970956396999,9.5221323540021494,22.775263866416815,13.878588049690306,55.223403215591603,44.89640265045562,55.022733965323916,58.502925802649216,59.402403659731959,0.20257229451090097,0.53262782841920853,-0.81425497680902481,39.873557567596436,0.15393890920677222,0.69227531552314758,-0.18250270746648312,-0.79946701228618622,-0.56846233084797859,0.17188829183578491,0.20361608266830444,0.086186215281486511,47.9403076171875,-26.137876510620117,-21.527223587036133,0.0,0.0,0.0,66.09490966796875,-61.438446044921875,-25.955146789550781,0.0,0.0,0.0,0.0,0.0,0.0,0.0,0.0,0.0
26.0,0.0,1.0,0.0,0.0,0.0,0.61312094896998559,0.9168986541416948,0.36620138050163376,0.3414797101572552,0.32752999921843373,0.36199443272562726,0.29464713604280207,0.36217679975401429,0.39543021594686567,0.61032477491690662,0.66445071474360473,0.67408162945549432,0.088339684104331018,0.16580886115300958,0.08796119314968201,2.2773418692793617,1.3283800750050265,0.98183919999635905,1.0345630589733283,1.5102118840577841,0.9075492063921321,0.93113471380195545,0.94615125739664729,0.98696379632303688,0.24203710092396874,0.48546595642506563,0.70956764187682864,0.24922409673689896,0.48017182812316966,0.23418688332028118,0.63824088912864707,0.98491846316047638,0.72141960291656393,0.62795697495332203,0.62703049153481549,0.57990810845618379,0.36273545038708765,0.40402336957341295,0.48109984370751169,0.35499830543142935,0.4618828192284275,0.55722598733479756,0.16002765185303736,0.29357698081889871,0.13501880178432468,0.55330569837679999,0.93037926293586914,0.48671159335075009,0.42908452354292237,0.41314534396011243,0.46040415598951628,0.10837998851561005,0.21508312285770437,0.29878629901301035,0.54184264079767086,0.60753525058409341,0.62855529474101146,0.11322917080250659,0.2107815200295543,0.10768558158521577,22.357157358190779,133.88482169545634,139.8670497102012,139.71896608635342,135.3726076514144,136.6958304446047,132.68812474154592,9.5136965367686521,16.520498924070594,7.835457585993991,55.896365105926861,54.615026313387524,81.52661496168021,85.338172999701868,84.341371777135606,0.1970417769625783,0.51752626150846481,-0.82676901668310165,40.055870056152344,0.014317126478999853,0.45349715650081635,-0.19094731844961643,-0.80893991887569427,-0.55249790102243423,0.12091049551963806,0.10557740181684494,0.081951603293418884,41.399116516113281,-16.696126937866211,-19.178426742553711,0.0,0.0,0.0,40.510215759277344,-47.871505737304688,-20.891185760498047,0.0,0.0,0.0,0.0,0.0,0.0,0.0,0.0,0.0
26.0,0.0,1.0,0.0,0.0,0.0,0.61422389640354391,0.91068348286147738,0.42512808306818528,0.39814413227627993,0.34667517341454623,0.36215730959373288,0.28374734208942581,0.3460813004437181,0.36552558624905468,0.61356473204275375,0.66465230666504871,0.65991603017946221,0.08389109830053218,0.15093551914911266,0.081111414712707178,2.2886670051128024,1.2914661050216196,0.96192270738346819,1.0433011578533429,1.5323764373048694,0.90754924093298472,0.93113472531557306,0.94615125739664729,0.9869638308638895,0.2420371153159907,0.48546595066825687,0.70956764763363744,0.24922407658806822,0.48017181660955205,0.23418688907708998,0.62153699391371753,0.97447991457979932,0.70841819003582207,0.62199073724812326,0.63149181564514101,0.57919213162558336,0.35066355502569047,0.38956236174929421,0.46832096459842631,0.35538684269303666,0.46304318792692523,0.56138236533375352,0.16009741253674539,0.29575747525240992,0.13687463748049872,0.55293577046128572,0.92315835978764149,0.51995192347950425,0.46479399030528096,0.42709279100328001,0.46062654743775261,0.096424735303726278,0.19817105489093026,0.27522827584146053,0.54198099831430624,0.60583435277231235,0.61854133910640685,0.11107310709627435,0.20509991424203505,0.10581126166832851,21.866768452082372,126.24144898588209,131.63192136376807,131.8692277487437,126.25836394936165,127.14055630520235,121.71973227419213,10.190678206873871,22.81736643312124,13.07015821506943,55.55837703683018,53.878185078839728,73.252026051090994,76.763536440194912,77.062421249406441,0.14277913141995668,0.55316062644124031,-0.81611399352550507,40.35511589050293,0.0,0.50274179130792618,-0.21632143296301365,-0.789545938372612,-0.57285628467798233,0.12244775891304016,0.091206446290016174,0.13519205152988434,67.158782958984375,-24.818525314331055,10.211490631103516,0.0,0.0,0.0,81.387184143066406,-39.059738159179688,0.9870452880859375,0.0,0.0,0.0,0.0,0.0,0.0,0.0,0.0,0.0
26.0,0.0,1.0,0.0,0.0,0.0,0.59543046919005138,0.90433201862506152,0.57816753908792085,0.53113049387046418,0.44185100402401645,0.34157973798290775,0.24607604547207859,0.29706537628357954,0.30404977574275338,0.57837807903318306,0.62797609721381897,0.61717976585484213,0.089668757365549384,0.1659492224183316,0.09230804059604035,2.2987669246230524,1.2901824438266634,0.95122671514182888,1.0299205597775409,1.5217459174928334,0.90754920639213199,0.93113472531557306,0.9461512804238823,0.98696380783665449,0.24203710380237312,0.48546594491144801,0.70956765914725506,0.24922409385849453,0.48017183963678722,0.23418690634751629,0.61341871639390855,0.96248182776101199,0.70788829432593581,0.61912660693160548,0.62686553906140441,0.55850457880187254,0.3503504092000882,0.38835399923571623,0.46720133920983559,0.33624011625643463,0.44644863163476611,0.54542090595784498,0.15845966581817511,0.29266868712132765,0.13559996873247471,0.53535508834866019,0.91424590937769057,0.61974424085495328,0.55302350198268779,0.48204491430847934,0.4359806920347441,0.10434866179729799,0.17890964973204337,0.25095307881941947,0.50629307193047279,0.57099859385955198,0.58480789003482592,0.11651503000083616,0.22041501853227782,0.11657629294376716,23.990995276883595,107.09916337932529,111.78650790951984,111.55509170892969,101.24507995869365,102.92579485304243,98.154572184745561,8.3082477626539166,20.030228127905026,12.533050174707903,56.997337812393198,51.016486934539763,51.419877906920725,55.191092578836042,55.605528820878547,0.16549948416650295,0.57283680886030197,-0.79779557138681412,40.238179683685303,0.022985791554674506,0.64759990945458412,-0.17250523902475834,-0.78164207190275192,-0.59668530523777008,0.10478959232568741,0.12709450721740723,0.026151658967137337,57.941547393798828,-26.244771957397461,6.8829560279846191,0.0,0.0,0.0,74.566329956054688,-35.306549072265625,1.7271137237548828,0.0,0.0,0.0,0.0,0.0,0.0,0.0,0.0,0.0
26.0,0.0,1.0,0.0,0.0,0.0,0.60744238017066743,0.91656194741121488,0.37022666297407542,0.34370816101254914,0.32232676999323984,0.41273073769700447,0.27077361916804926,0.33409383827060085,0.36984391328035354,0.61877229065617723,0.66886518578619447,0.6762408655705946,0.088273499931828009,0.16450376176623768,0.085363437503180428,2.2790552548093261,1.290809668127459,0.96390777593723587,1.0500092767700466,1.5381496154386491,0.90754920639213199,0.93113470228833783,0.94615123436941218,0.98696379632303699,0.2420371095591819,0.48546595642506563,0.70956765339044614,0.24922409961530334,0.48017183963678717,0.23418689195549436,0.61179870061541819,0.97710142289595503,0.73190701671712255,0.64378044056571626,0.64211877142954887,0.60354668981268444,0.37321321720926298,0.40500950352768822,0.47167516190458658,0.36242873367538975,0.46480993913404717,0.56230792743935787,0.16391008626809961,0.30161192616888188,0.1390047737203236,0.54549780595043729,0.9276932207775056,0.49666122264759316,0.43936077341358215,0.41701993551479166,0.50189755504835087,0.078453484775111271,0.18376962350163509,0.27330476525107861,0.55235475249515875,0.61311693547664714,0.63252188639630047,0.11461653950620976,0.21329805115541534,0.10717374535289557,22.232245364545697,129.72945754782566,135.69579171237189,137.14929524133831,139.18222079306986,140.2502403981118,136.41301963183116,10.026472348377126,19.546545720509634,9.8180885595244742,55.65964483655938,62.031554780247312,77.639565404083356,81.341008839853345,82.174186050662769,0.11389580104150809,0.35474313795566559,-0.92429803311824799,40.136627674102783,0.0,0.56479550898075104,-0.21010382287204266,-0.90269719064235687,-0.37391291558742523,0.014239235781133175,0.18787059187889099,0.15272130072116852,63.478225708007812,-26.397603988647461,14.97196102142334,0.0,0.0,0.0,81.415145874023438,-36.069976806640625,9.9275856018066406,0.0,0.0,0.0,0.0,0.0,0.0,0.0,0.0,0.0
26.0,0.0,1.0,0.0,0.0,0.0,0.62801272581283551,0.91372228107870812,0.39744181483981234,0.37164029741411125,0.32066037941865838,0.37225771657776607,0.29097961841228231,0.35973137939573263,0.38232891624424287,0.61567143407826452,0.66815507380317218,0.6607597865824546,0.086630041729181484,0.14950000182950618,0.077897251334080819,2.2659273240125897,1.2867890979577941,0.97085760741049332,1.0669083880158698,1.554198529981357,0.90754925244660234,0.93113471380195545,0.94615128042388241,0.986963819350272,0.2420371124375863,0.48546596218187438,0.70956768217449018,0.24922409098009016,0.48017184539359592,0.23418690634751629,0.63071100752898868,0.97562308461783909,0.71009860426148785,0.62404268820741438,0.63713033425208199,0.58930484760285617,0.36484917799291788,0.40370458915723673,0.48278151182931017,0.35613513781562178,0.46370395114348772,0.56329848692696527,0.1607257519087068,0.29801715333956058,0.13847782051506402,0.56902105842839745,0.925323477531935,0.50294706745953821,0.44744311189774738,0.41311693991256515,0.46844786777826097,0.11215193964453238,0.219803464833636,0.29834988110236976,0.5444204299841755,0.60920756423028,0.61958051771599054,0.11291638705697941,0.20376548092630117,0.10316655666373963,17.343892849389324,129.43889447034414,134.1602559039263,133.52991652844602,130.74525523402099,131.82374893415519,125.74841519573931,9.9019286513387055,24.519894603801532,15.016689557763131,55.096640454124874,55.866980778343816,75.778878440199307,79.539634384948044,80.764899458835686,0.16682762745767832,0.41268318518996239,-0.89147926867008209,40.53701639175415,0.0,0.46653005108237267,-0.20005530118942261,-0.87282651662826538,-0.44178979471325874,0.085502691566944122,0.12272968888282776,0.055709660053253174,56.062030792236328,-41.831199645996094,12.286994934082031,0.0,0.0,0.0,72.314308166503906,-53.945556640625,8.0234966278076172,0.0,0.0,0.0,0.0,0.0,0.0,0.0,0.0,0.0
26.0,0.0,1.0,0.0,0.0,0.0,0.59997605834189138,0.91571840262175841,0.36731694927929676,0.34538687440900928,0.32767033978481064,0.3987794324540383,0.27750270590439585,0.33842159764594426,0.36791522230617546,0.61893914094807667,0.66970184978129077,0.67467588946859136,0.088541130128801604,0.16291506937822445,0.08443459733601387,2.2724468110722063,1.2818811263670491,0.96642684046149219,1.0643411935786908,1.5566544350677356,0.90754920639213199,0.93113470228833783,0.94615128042388241,0.98696380783665427,0.24203710955918192,0.48546594491144807,0.70956765914725506,0.24922408810168575,0.48017185115040473,0.23418689771230311,0.61380148436259185,0.97662957440797915,0.725817328900072,0.64199743526334818,0.64724311949374325,0.59477736309408824,0.36752928174664123,0.40436377484196945,0.47713854997321298,0.36392482110627844,0.46558153643604305,0.5612399499055114,0.16107909984716501,0.29753911513585124,0.13772229407869044,0.53896241277635426,0.92715003232762938,0.49094812353324629,0.43836665772240457,0.42179312454076928,0.49031214731657397,0.083122601384253217,0.18748878571121164,0.2728496123760607,0.55247915317940177,0.61379938812621859,0.63074224054279826,0.11373295451539148,0.2106506893727387,0.10638055265936817,24.512604550801303,131.23795434489446,137.15226808117455,138.31251402303192,138.61201440304239,139.43585133016182,134.73330706774306,9.2770803210643109,18.671039479536116,9.8555451568502672,56.186501723472077,59.57704732794096,79.656035322557045,82.94285895495058,82.659717731775942,0.10879603287321515,0.39189537987112999,-0.9092104509472847,40.118971824645996,0.0,0.53370997682213783,-0.16690801549702883,-0.8966086208820343,-0.40820448100566864,0.031776230782270432,0.14862248301506042,0.12869663536548615,61.464912414550781,-39.064487457275391,8.8817758560180664,0.0,0.0,0.0,75.374465942382812,-51.0225830078125,4.6164369583129883,0.0,0.0,0.0,0.0,0.0,0.0,0.0,0.0,0.0
26.0,0.0,1.0,0.0,0.0,0.0,0.61965930128983593,0.90072503603145704,0.5769106771067779,0.53001273446646791,0.43943493194982164,0.41361712673139761,0.2316433807390324,0.29436807213038252,0.30426282162372098,0.62822969268040374,0.66655297704346406,0.63215364274066665,0.087507167352867746,0.15885896737516492,0.092258543826170852,2.2219378237588026,1.2728623188742441,0.95481753144893156,1.0262553734045812,1.4991963150998511,0.88478647360681872,0.90778043437360512,0.9224203329970313,0.96220924224056315,0.23596643668568673,0.47328972441686612,0.69177058266844638,0.24297319545091628,0.46812837690948977,0.22831308755026636,0.63218368704782746,0.96430238076470753,0.70185532352689961,0.61786452385554302,0.63861080085643152,0.60509435984760906,0.3602475214840874,0.40197290828667814,0.48952826234327007,0.38828793865099553,0.47792671327855873,0.56223688093286872,0.15455735296674841,0.29051043934106391,0.13776547853274268,0.55836942112247734,0.91342754243206281,0.61713014384262654,0.55250176721173816,0.4875970900524958,0.50333267415075078,0.10610934810120001,0.19137355999340239,0.27173792528811791,0.5636688287292938,0.61391509833879954,0.60518362848145379,0.11388055745702931,0.21647329887669162,0.11764793551003952,20.345691086892639,103.00050175463674,106.55881516125454,103.30303303109142,112.46338734023091,113.49927944296445,105.00843991306346,7.8610339763930437,22.778834134362025,16.025652785920233,54.763256359415614,64.983570650376464,48.572889428772029,51.887907655172562,51.521909407176487,0.04390026768669486,0.43691772222518921,-0.89392360299825668,40.570288181304932,0.0,0.67929448187351227,-0.22565484046936035,-0.86902102082967758,-0.43707891553640366,-0.054311387240886688,0.11791417002677917,0.079504348337650299,60.456466674804688,-29.971717834472656,11.592362403869629,0.0,0.0,0.0,73.724441528320312,-42.012847900390625,5.4870471954345703,0.0,0.0,0.0,0.0,0.0,0.0,0.0,0.0,0.0
26.0,0.0,1.0,0.0,0.0,0.0,0.61332328118857138,0.89706333606988065,0.5067455609867948,0.47442032761037195,0.41261083541978716,0.43583021318763981,0.20848896840621117,0.24555945291001699,0.27764653100121206,0.59974697907430063,0.63054283963142288,0.625265038256962,0.087787988311613496,0.16794533873639444,0.091657401524742152,2.2617772853614153,1.2703180181338867,0.95704297397680782,1.0540491185899166,1.5420310714591843,0.9007204452759876,0.92412842421664154,0.93903201922306223,0.97953744391463582,0.24021589992544154,0.48181309430645713,0.70422853562793153,0.24734883354711512,0.47655879736451262,0.23242474430143628,0.62160745157846431,0.95073778112521956,0.7275988386218436,0.65422461195421378,0.65543621199484525,0.60986467024596536,0.37428015840833084,0.41208996151691329,0.47637094064097613,0.34223424590967799,0.42578008979682724,0.52578882172337504,0.15843700079273929,0.29882641565334339,0.14335136329133882,0.55395771879451861,0.90565843285482017,0.58385721762785203,0.53284729353622495,0.48006668771682942,0.5179899390298901,0.051630653201290101,0.12739612870955419,0.2277139927030139,0.52758150519312896,0.56791802020166082,0.58152561931777247,0.11439927852836952,0.22225453587678759,0.11737303343284207,23.87859426880728,107.18440328639339,109.35145667795111,110.38051603019365,117.93065921891815,117.01771308256582,113.0105973370966,7.7813653158926943,18.846086342349555,11.960904758008093,54.136252250684436,61.477859518764703,56.889570233895085,57.085417370608752,57.29692997307064,0.029605149058625102,0.40475913137197495,-0.90658005326986313,40.18473482131958,0.0,0.8316701203584671,-0.30932350177317858,-0.8516295850276947,-0.39905088022351265,0.23379956185817719,0.0074186986312270164,0.13137631118297577,78.797325134277344,-44.371990203857422,13.633788108825684,0.0,0.0,0.0,97.648918151855469,-58.727691650390625,6.5789337158203125,0.0,0.0,0.0,0.0,0.0,0.0,0.0,0.0,0.0
26.0,0.0,1.0,0.0,0.0,0.0,0.67443578544242522,0.99451025353253819,0.40448941095657626,0.38626640703615056,0.37497640620808503,0.43231245147061781,0.32730974628104736,0.39140092687562605,0.41085404189110736,0.68674666509619542,0.74159016114191989,0.73991671029111827,0.095909696563156288,0.17741918872468071,0.095518946772378974,2.4875022462594538,1.4026059282887369,1.0682380629823829,1.1835009268738552,1.7233486975301471,0.99629345333679098,1.0221852419665944,1.0386701747768987,1.0834735523085843,0.26570459104763366,0.53293698157749336,0.7789523453579773,0.2735943320220029,0.52712514921878628,0.25708672026350815,0.64978409654699842,1.0601026443423807,0.76549653457006661,0.67627348213252003,0.6959423514998766,0.65368792873227366,0.35971393957452169,0.38801016638583635,0.47452699016940197,0.4031474056826575,0.51108991749341182,0.60620628565262225,0.17329584026611877,0.31825586957065705,0.14681924844185071,0.60324548906843334,1.0066854380227652,0.52374083018336182,0.47087314736158253,0.46422737423023319,0.53795807157155306,0.1002501792151019,0.20089149312473936,0.28103429858751439,0.61229882684282999,0.67830650040301899,0.68816937853475002,0.12288379333560004,0.22770955470372123,0.11827643562842263,21.514575510502777,132.10709933187314,138.11876887703534,136.73061147540568,137.6409817766673,139.27570729978711,133.64700987648212,9.1623878912431636,16.520910869854916,8.5944756977248815,54.620109254790485,56.18311523030421,81.762524572970563,85.255324512616895,82.439831744278408,0.11226776440162212,0.36779389902949333,-0.91844107955694199,44.212823390960693,0.01115728635340929,0.44385764747858047,-0.26237215660512447,-0.88258067518472672,-0.3877432681620121,0.10236793756484985,0.16808079183101654,0.19012580811977386,68.412925720214844,-49.796405792236328,4.2399458885192871,0.0,0.0,0.0,86.509941101074219,-66.033279418945312,-0.66024017333984375,0.0,0.0,0.0,0.0,0.0,0.0,0.0,0.0,0.0
26.0,0.0,1.0,0.0,0.0,0.0,0.62172385466311286,0.91063124147196628,0.37911761188484833,0.356339250989754,0.33841943150986659,0.42367445152589173,0.28638840679875049,0.35372524078378564,0.37996794300879666,0.63352748682672921,0.68560018573664816,0.68443490870388968,0.091487675177672326,0.16363733339241365,0.084713848331633784,2.268894232947456,1.2773491389631413,0.95589091708976237,1.0415165912333466,1.5272820582661004,0.90025199071829243,0.92364782279241997,0.93854362307975203,0.97902803541927719,0.24009100020214225,0.48156251193386457,0.70386228745332358,0.24722017174927793,0.47631092069204684,0.2323038541954526,0.62544853396833699,0.96940563251413858,0.70606011961342996,0.61652961750888635,0.62583529254870862,0.60693426093699276,0.35169885346951818,0.38206017307933077,0.45961191034289839,0.37592696346052146,0.47449311353697243,0.56115054108205631,0.15927971560934784,0.29188054684564368,0.13423407949427155,0.5712879279070282,0.9210611561833687,0.48998350794924156,0.43467078622183364,0.41930857554266726,0.50233458487235183,0.10372598543412893,0.21396190391722875,0.29602624427139729,0.56725085236666839,0.62942550714650225,0.6388482372999803,0.11574348862472331,0.20967006240912175,0.10595241592195855,17.701528811407183,131.22918950464202,136.49990817581016,134.59041268011723,140.67091004154562,142.70511113110467,137.18506664956894,8.9464963904713439,16.88457596791919,9.1078487239989059,54.18230565493689,62.605088753061047,78.545082855939668,82.743982629340039,80.999838329490274,0.10143942962167785,0.39427482709288597,-0.90957336872816086,40.182588577270508,0.0,0.47740630432963371,-0.15579066332429647,-0.89697519689798355,-0.40595429018139839,-0.010266498662531376,0.22365701198577881,-0.045441672205924988,62.858180999755859,-31.604028701782227,13.408297538757324,0.0,0.0,0.0,82.168258666992188,-46.327529907226562,8.2569789886474609,0.0,0.0,0.0,0.0,0.0,0.0,0.0,0.0,0.0
26.0,0.0,1.0,0.0,0.0,0.0,0.65353441816216529,0.93599792176552887,0.58570520333862475,0.536198312536039,0.45160848832566319,0.39431768520747629,0.24890305692117731,0.31804799140015055,0.33746121301735943,0.6299053885296102,0.67949209236505126,0.6621209425183282,0.094370026256295078,0.17112707808333197,0.094438215290557709,2.2947243465831844,1.3285783033171443,0.99919014187257393,1.0771780023786137,1.5642558707588259,0.92065025246047383,0.94457618300071644,0.9598095280140776,1.0012112417782868,0.24553106936342975,0.49247393851216092,0.71981070871253106,0.25282177408653861,0.48710340008732295,0.23756754049251791,0.63341554213913676,1.0017430617959695,0.72385247393966645,0.63090153586866193,0.64075692306127707,0.60814941336250938,0.34921837466209305,0.37959134728074956,0.46093190914179399,0.37943218161186343,0.48394051026293383,0.57429891192248439,0.16092616562091991,0.29537793491199171,0.13623812257861723,0.5911563098257655,0.94857842396383374,0.62946670530115822,0.55919410469608921,0.49251473038684834,0.48995215998854458,0.094677061923309408,0.19321231407364067,0.27676109277060662,0.55929266523462629,0.6224335637592473,0.62696717776934063,0.12053186364885093,0.22477397847339831,0.11868654777427892,14.517950211785859,106.04978677562288,110.1172147990106,107.20244864618057,108.89288546103924,110.99931323975025,105.30984933094695,8.2029642385795789,18.552631746971599,11.608428577021352,54.584554278179148,58.633885288474112,51.518719281947263,55.826185339091801,55.238457379409134,0.10219966934528202,0.43221255019307137,-0.89243090152740479,41.53862476348877,0.0,0.65405724197626114,-0.12361041828989983,-0.88654725253582001,-0.44292806833982468,0.030590496957302094,0.1861199289560318,-0.00078845990356057882,72.764808654785156,-35.700397491455078,11.236185073852539,0.0,0.0,0.0,91.881134033203125,-48.904022216796875,3.1254234313964844,0.0,0.0,0.0,0.0,0.0,0.0,0.0,0.0,0.0
26.0,0.0,1.0,0.0,0.0,0.0,0.65044755786658426,0.93960381563101569,0.5893077827293991,0.53867290374655163,0.45200647991308213,0.40492203569539431,0.24847432644843034,0.31560840971309351,0.32949124529699642,0.63817739788860428,0.68713147569343136,0.66489637484984543,0.09412033161405324,0.16992603465185643,0.095444392022800931,2.3196501887220147,1.3404276811857561,1.0055639202960138,1.0786290749618925,1.5695025037082277,0.92728871650557398,0.95138715557772968,0.96673036352985553,1.0084305908565627,0.24730150682213162,0.49602500873791466,0.72500100721126426,0.25464479423664044,0.49061572698998468,0.23928053651320905,0.62989764177369223,1.0074044095778845,0.72509148337084928,0.63019925292412893,0.64269967506613312,0.61732137533397891,0.34970222017883956,0.37765633752662836,0.460684236644538,0.38820899297052736,0.49200838035266115,0.58002008634815072,0.16288703000862878,0.29807025973954865,0.13724153837489497,0.58805568181539081,0.95312213654422839,0.63215738103860231,0.56035174105528807,0.49334120090127154,0.50047052101396927,0.093425446035886719,0.18854558612363392,0.27041086422643462,0.56903728785458529,0.63141676435754968,0.63146638792719822,0.12107457058472169,0.22518258361986154,0.11991785578705055,15.166761620433006,105.7492746738416,110.15301694309251,106.90648801170747,109.40344466281863,111.70519450745084,105.51063725575146,8.7362406495384324,19.533253532054555,12.204156395769395,54.708736508800094,59.304039544173662,51.191789716003669,55.784304753535402,54.971689400335478,0.095878173597157001,0.43922337889671326,-0.88819506764411926,41.973297595977783,0.0,0.6637866422533989,-0.16085864137858152,-0.87620806694030762,-0.45041104406118393,-0.038340520113706589,0.23797675967216492,0.068867094814777374,74.910758972167969,-21.252403259277344,12.897138595581055,0.0,0.0,0.0,90.755638122558594,-32.284561157226562,5.4185428619384766,0.0,0.0,0.0,0.0,0.0,0.0,0.0,0.0,0.0
26.0,0.0,1.0,0.0,0.0,0.0,0.65182402628951086,0.92073698268021109,0.53223625970503663,0.49136227168923585,0.41986110178765718,0.38954369889171786,0.26364045505711114,0.32922211913249116,0.35212080129564244,0.62697496195498381,0.67372916470592314,0.66057312222503128,0.088115423004341845,0.16467451427862323,0.091886924688778668,2.3283959549235353,1.3057978249799045,0.97518439799955314,1.0642821581558466,1.564322071534759,0.92264178591719515,0.9466195162228439,0.96188576715519336,1.0033770338367904,0.24606218678469924,0.49353924749058864,0.72136778156740555,0.25336868531269707,0.48815708031201421,0.2380814191498945,0.64232836123153914,0.98024979261905565,0.71310852492502141,0.62517223983367443,0.63668885755468585,0.60620694583625923,0.34816385796553762,0.3801565719455553,0.46018853085199185,0.36522059270101648,0.46829606569580096,0.56008840540573956,0.16135184972692485,0.29627687472861652,0.13643309745238114,0.59049066398436056,0.93127704485569274,0.59074694454211318,0.52727238104822272,0.47203405631587192,0.48731992353239006,0.081274682436755438,0.18523121762145078,0.27178077224278507,0.55257180597578248,0.61231515972178152,0.61834733653226703,0.11587301733821874,0.21895195321651031,0.11601860226771027,15.255496129756933,112.9936166330463,117.37415760346033,115.43847430871591,114.96349441609675,116.88078657272729,112.02289136518387,9.3355821719659424,19.424767503033124,10.966524944224322,53.746117394822008,55.76211048071427,59.831943157576653,63.75697368960067,63.032637250762683,0.10231322702020407,0.4705381765961647,-0.86849314719438553,41.434662818908691,0.0,0.60409624129533768,-0.16670956369489431,-0.85419204086065292,-0.48264368623495102,0.12726505100727081,0.1869681179523468,0.12088316679000854,78.380874633789062,-48.208656311035156,13.555729866027832,0.0,0.0,0.0,94.322738647460938,-56.527633666992188,6.3548336029052734,0.0,0.0,0.0,0.0,0.0,0.0,0.0,0.0,0.0
26.0,0.0,1.0,0.0,0.0,0.0,0.69444283281465036,0.98000482152026913,0.38350476914542264,0.37130700173906406,0.36131612134721969,0.41892783799541095,0.34116916574974682,0.41787259939193211,0.44215791431365148,0.67603918988055334,0.73596874656632516,0.73248076179332067,0.10190153866784807,0.17602672986017739,0.089116704858222123,2.4691015604705959,1.3961743545997183,1.042725695354604,1.1366139960196229,1.6656954791708618,0.9822816686057747,1.0078092930257485,1.0240623876328492,1.0682357054707572,0.26196775148094137,0.52544181803374046,0.76799724187146445,0.2697465414796863,0.5197117381165236,0.25347107303526056,0.66151606349335579,1.045869951593636,0.75021355596668815,0.65449375174900248,0.67304601201449366,0.65105910052042948,0.35369721014655087,0.37744888633361312,0.46505439515521263,0.39719627240789546,0.50502575463879651,0.59797182282809569,0.17036002090577421,0.31298080272268813,0.14475091229932341,0.62706926966760768,0.99226133490737056,0.50447141627970993,0.45309091494814602,0.44716100900635208,0.52421533724852332,0.12179497650950535,0.23597232659323178,0.31394379980948717,0.6033690189400881,0.67392272704964529,0.6812350461394131,0.1262561357464016,0.22395674214160552,0.11251051436405943,12.702239509977819,136.37466128945235,140.85919445130079,137.74141800086505,139.39935079923725,141.66408272611528,135.70839511893783,7.5271071484490317,15.799065529073289,9.6615525232179778,53.44760184271248,55.595715546588536,84.096701594461052,87.683523356900835,84.757979165560542,0.15453219506889582,0.41643814370036125,-0.89205051213502884,44.257297992706299,0.0,0.36504783481359482,-0.17286509834229946,-0.87991601228713989,-0.44096150994300842,0.033234037458896637,0.14383421838283539,0.046116802841424942,62.502063751220703,-33.397850036621094,8.5879230499267578,0.0,0.0,0.0,76.314231872558594,-41.913238525390625,5.1219749450683594,0.0,0.0,0.0,0.0,0.0,0.0,0.0,0.0,0.0
26.0,0.0,1.0,0.0,0.0,0.0,0.63877069418407539,0.95085913081046569,0.43594644511971964,0.40927676799103374,0.37522870577922657,0.43171390808991716,0.29556002108448898,0.36500080111818706,0.38618911002517825,0.67074198211440816,0.72349374836522795,0.71570223009518974,0.094664125933840049,0.16903958977173189,0.08947347880404749,2.3843379727918474,1.3451876311485995,0.99433508365848944,1.075786713249546,1.5857880520682115,0.94378688997607318,0.96831410767980963,0.9839302689634486,1.0263724222921542,0.25170144728659682,0.50485017932781728,0.73790004685950228,0.25917539698999403,0.49934464949388802,0.24353773402556028,0.64723275109364475,1.0156572246387769,0.73507288041902996,0.63941927721362346,0.65015149886310852,0.63363795209402307,0.36163039125955182,0.39442395788853779,0.47827585062719424,0.40318836777435108,0.50408161143443952,0.59105991509491862,0.16672852344252062,0.30460367498191704,0.13987761133449694,0.57556898096654119,0.96337379520035094,0.53592872232206856,0.47702825979155566,0.45038006340223918,0.52720636975456936,0.098054013213464408,0.20438561931371046,0.28429938690759965,0.60173533395221113,0.66505951354773041,0.6693939692881361,0.12096460519704111,0.2196474724947288,0.1127466201577447,21.95555578865066,126.45009931219492,132.45320209259063,131.30716806684876,135.81043302249594,137.93456892040382,132.17042201566832,9.1090973679565472,17.545033489431447,9.7223384320667385,55.078998502385545,61.891256291392892,74.321589278885384,78.40296796365287,76.344203806291176,0.072046137880533934,0.41235525161027908,-0.90371450781822205,42.508444309234619,0.0,0.50140967592597008,-0.16560967173427343,-0.89040748029947281,-0.42189498618245125,0.049212418496608734,0.20984619855880737,0.13858135044574738,69.51483154296875,-31.682701110839844,3.8037126064300537,0.0,0.0,0.0,84.030647277832031,-44.803359985351562,-2.9312477111816406,0.0,0.0,0.0,0.0,0.0,0.0,0.0,0.0,0.0
26.0,0.0,1.0,0.0,0.0,0.0,0.66132474196669477,0.94977533708971684,0.54932005452153732,0.50276029366270536,0.42469782035015335,0.43504981376699503,0.24894293635801681,0.31557910745779361,0.35117926739371375,0.65573219642325165,0.6999992090010595,0.69281005954432728,0.089424559339427029,0.17333676662838154,0.096099915501387412,2.3813818315716513,1.3493626894804789,0.99319410944668973,1.0679132598890415,1.569967759533144,0.94150965761319916,0.96597772986352559,0.98155620707688829,1.0238959813182436,0.25109415001473651,0.50363206161712315,0.73611961558075778,0.25855002621696771,0.49813980122743262,0.24295013079653766,0.65474087487173749,1.0143646403468911,0.74015878918577194,0.6459892908721282,0.64506780470609637,0.63928826425049445,0.36993453032569346,0.40052828831151654,0.47228052343154003,0.39066588172776984,0.49293272956274653,0.58867649863520233,0.16717804708671047,0.30714976913393571,0.14134808402410778,0.59734779481260147,0.96195078774148135,0.61293927934813108,0.54353713189658226,0.47844708040654765,0.53156581629700561,0.070131842670377809,0.17341820090358198,0.26958350854018576,0.58240641001273985,0.63990392455086387,0.6515278763146346,0.1190273623594896,0.2287579706011616,0.12018841100098776,18.70989130308244,110.1439549896112,114.48309476837119,114.29290302829031,118.04438272237252,119.34946538690093,115.63611437008669,9.6253568962068439,19.503164841213355,10.390984069733371,53.632354617779917,61.769082990161593,57.095815479846451,60.92400588227072,61.847114486334405,0.10737654758850113,0.40522659197449684,-0.90515187382698059,42.573935031890869,0.0,0.69159425050020218,-0.1933180782943964,-0.88454847782850266,-0.42104066908359528,0.011860275641083717,0.11041130125522614,-0.024985155090689659,17.2491455078125,-33.995498657226562,10.994891166687012,0.0,0.0,0.0,16.367595672607422,-50.322494506835938,10.313735961914062,0.0,0.0,0.0,0.0,0.0,0.0,0.0,0.0,0.0
26.0,0.0,1.0,0.0,0.0,0.0,0.64700463957624055,0.95546791887351556,0.38010025047138585,0.35852378395759676,0.35300835316463303,0.4640045019880053,0.29981629513126995,0.37184897608459716,0.40296944274814894,0.66962409018479818,0.72493872315945818,0.72827044599124924,0.098199090928439953,0.17682310674459445,0.091302313421935413,2.3671022277460709,1.344995101654392,1.001009816754205,1.0847973711374632,1.5903114174263688,0.94150968064043439,0.96597772986352559,0.98155618404965317,1.0238959582910081,0.25109411835228818,0.50363204434669684,0.7361196386079929,0.25855003197377646,0.49813981849785899,0.24295014518855962,0.64088288977509456,1.0218084325884504,0.74107671615759541,0.64302384935076473,0.64935922942257551,0.64842316381965948,0.36502928530088574,0.38950454962175574,0.46708052176603493,0.41143419957522676,0.51191203035844934,0.59836563772051998,0.16817919446130619,0.30589650261822843,0.13985713988434251,0.59041639165959259,0.96864373299349216,0.50262630119471663,0.44451399384309126,0.43575565668892519,0.54675876575523275,0.10061121298007493,0.21486804019378164,0.30186861076523391,0.60711756763783031,0.67221598351235634,0.6838316939749105,0.12323438063285777,0.22225002138832484,0.11168549403864109,20.112036505245442,132.62819324667365,138.44539706088182,136.5783460682386,145.00594402284079,147.23398417349753,142.1856052352862,9.1678884346808456,15.013944035160199,7.3387360273079283,54.321572785226621,65.283859917236057,80.249497652934764,84.763033505546346,82.575737994609696,0.087626832493697293,0.42426004633307457,-0.89435569941997528,43.753632068634033,0.0,0.47911577671766281,-0.20376232080161572,-0.86959611624479294,-0.43792660161852837,0.13532969355583191,0.21933923661708832,0.21722856163978577,76.135658264160156,-35.036170959472656,11.47398567199707,0.0,0.0,0.0,96.121818542480469,-50.170364379882812,-3.4468746185302734,0.0,0.0,0.0,0.0,0.0,0.0,0.0,0.0,0.0
26.0,0.0,1.0,0.0,0.0,0.0,0.64749830753702109,0.94986182073453751,0.49932428528388179,0.46181479201370024,0.38902386561571767,0.41554013540239892,0.2807003207966457,0.34490281589546801,0.36084365882933039,0.66042171327788202,0.70881848419012261,0.69271529492260353,0.089584452649329085,0.16022933925287364,0.087538292273228388,2.3686454951952687,1.3449232119030656,0.99787444328159247,1.0802052459486977,1.5839556508108321,0.94150968064043417,0.96597772986352559,0.98155618404965328,1.0238959237501555,0.25109413562271454,0.50363209040116708,0.73611967314884552,0.25855006939303354,0.49813985303871167,0.24295013943175087,0.63619129658491258,1.0152412662853123,0.73094329477981579,0.63786848236977101,0.64827747885308007,0.62548842266201865,0.35466345031135382,0.38577481145976722,0.46631107773741237,0.39274874191030545,0.49610900354052806,0.5900945193510464,0.16536688317690978,0.30505183987606382,0.1411861317661503,0.58219780413316002,0.96242675812711809,0.5755853491365891,0.51173460862894027,0.45777049736534486,0.5132266491986841,0.087353027784803639,0.18856852311007721,0.26820231593010768,0.58741433499380746,0.64826436009110855,0.65152775913973582,0.11775212026937852,0.21747295374193298,0.11342233850549238,19.262471429461339,118.93929886686334,123.87277011757293,123.32697653118639,124.18986164979077,125.66708642574467,119.97761056411034,9.6108360207531032,22.445621434712251,13.494104108149006,54.750091596677223,59.478255898672714,65.493381946441744,69.376231791472691,69.77204723029044,0.11030099517665803,0.47238605096936226,-0.86778963357210159,42.802807331085205,0.0,0.55909717828035355,-0.1610201820731163,-0.85531052947044373,-0.48838848620653152,0.019901791587471962,0.26243883371353149,0.09573083370923996,67.480857849121094,-39.561313629150391,12.72282886505127,0.0,0.0,0.0,85.261299133300781,-52.535751342773438,4.4242973327636719,0.0,0.0,0.0,0.0,0.0,0.0,0.0,0.0,0.0
26.0,0.0,1.0,0.0,0.0,0.0,0.61851317788435811,0.936252025640123,0.39076389020931318,0.37497336391540176,0.36257521346499039,0.44136019713167929,0.26398002223500033,0.2929725012624933,0.32569889849521844,0.62613590217800774,0.660115896467804,0.6699761640142492,0.097805365258247151,0.17936375524417106,0.094578305704082141,2.3887618893483342,1.3561759757017995,0.99051274180094251,1.0565258209167869,1.5611657925539573,0.94150969215405178,0.96597775289076082,0.98155624161774102,1.0238960043454788,0.25109410683867062,0.50363203283307922,0.73611962133756648,0.25855004636579842,0.49813983576828536,0.24295014806696402,0.61890053698188585,0.99804764032786841,0.76967163475340228,0.69010453239783942,0.67998208340462984,0.62560773933952885,0.37900211035529568,0.41737467779315396,0.47764077699831042,0.35697930158178193,0.4393537532390106,0.54241910853573438,0.16921329920100001,0.31101752405877287,0.14922945031731696,0.56269756318912578,0.94747916446753477,0.52418334737474026,0.48224732691212363,0.46078925855250341,0.52341861303374004,0.062143598142502879,0.14027603590057669,0.24219174563716708,0.55558790740045838,0.59654957653304042,0.6171663567659661,0.12302530318249941,0.22718977987200628,0.11769165476673113,21.388017227824317,127.17338390190072,128.23499849704851,127.71431268605093,136.74093359878887,134.01542003502885,129.80350021352317,10.045090056672407,16.83163901364383,9.0366411737763208,55.758842662083239,60.170664191348635,76.683656524077975,74.851491576394253,72.73597025457704,0.096946805249899626,0.47475619986653328,-0.86875221878290176,40.321642875671387,0.0022254623472690582,0.68905011564493179,-0.33197458647191525,-0.80386649072170258,-0.47878630459308624,0.09555332362651825,0.24763767421245575,-0.069644741714000702,48.092182159423828,-44.868328094482422,5.4337844848632812,0.0,0.0,0.0,56.173294067382812,-55.447769165039062,-2.1369476318359375,0.0,0.0,0.0,0.0,0.0,0.0,0.0,0.0,0.0
26.0,0.0,1.0,0.0,0.0,0.0,0.63064853658539832,0.94869457249155331,0.51018964263581246,0.4486063117614828,0.39871094257240847,0.41158297109334696,0.2441399661076277,0.31374036161871383,0.33800987219842848,0.61585873507702649,0.68024828824567896,0.6819704868354769,0.10666758790902206,0.18546121279621036,0.094581037258422429,2.3418223896055705,1.3491583489646954,1.0234263187765431,1.1158609287485006,1.6203927901681783,0.94150969215405178,0.96597775289076082,0.98155623010412341,1.023896015859096,0.25109412986590579,0.50363205010350554,0.7361196558784191,0.25855002333856331,0.49813985303871172,0.24295017109419914,0.63650086738785228,1.0141347523524751,0.76603488606255732,0.66547197483577514,0.66887314082147031,0.60962382604341725,0.37754062499118152,0.39891875292858614,0.47325810954303027,0.3499494397594145,0.47066019481380439,0.57100659915571472,0.17356553295828167,0.3113330956754124,0.14061805718070336,0.57929268510916754,0.9609276602350969,0.5968386049894987,0.51372002454059851,0.47237874369242622,0.49301283344278679,0.085517214469039815,0.17751250017914738,0.26815239942321201,0.53894375333011058,0.61691151438047442,0.63532122727759976,0.13148874603709285,0.23400428791387057,0.11743326133083354,21.301666988129252,115.39972408423348,125.01213617113757,124.77042772924185,116.69301186583894,122.33680742230422,118.54995417851052,13.834041022314954,20.987454167203161,8.9048472309339299,54.741859084293246,54.757499363718935,62.712857185332794,70.748263116471918,70.361207395264685,0.1213931159581989,0.51024490594863892,-0.84019298851490021,42.743051052093506,0.0042193536646664143,0.67235998436808586,-0.23597438633441925,-0.80884824693202972,-0.53363926708698273,0.17235022783279419,0.39640018343925476,0.32113674283027649,77.043289184570312,-43.065204620361328,-4.5896563529968262,0.0,0.0,0.0,109.09972381591797,-20.566696166992188,-30.570816040039062,0.0,0.0,0.0,0.0,0.0,0.0,0.0,0.0,0.0
26.0,0.0,1.0,0.0,0.0,0.0,0.63560445331663418,0.95128955595970854,0.45671128677204681,0.4211102417012243,0.38511926075304626,0.43355356700670644,0.27070721580105023,0.3285821465959029,0.35913893436890798,0.64938622257390444,0.69868773342789769,0.70430216728705919,0.088581269248292419,0.17473580412005149,0.096618673481686596,2.3701210067506917,1.3551756018593444,0.99959241542493604,1.0718536627497592,1.5727599637738643,0.94150965761319916,0.96597769532267297,0.98155618404965317,1.0238959352637733,0.25109412986590579,0.50363206161712315,0.7361196558784191,0.25855003197377652,0.49813981849785893,0.24295016533739039,0.62782731962005189,1.0184399824283086,0.74491155737459325,0.65040205175480814,0.6478919929542738,0.62681398696250323,0.3630077991669054,0.38928678881683182,0.45919221778722452,0.38338050964659864,0.489471237062508,0.5851272746385392,0.16794074342444126,0.3065720547159092,0.14006982840626669,0.57493506890832324,0.96444019368626532,0.55491159195527384,0.49101313908904398,0.45623058553740953,0.52029820641996793,0.067581304378136461,0.17061296872875878,0.26392948116704612,0.5778580124362459,0.63960824020341822,0.65837470509942242,0.11732431308637183,0.22529937932768562,0.11762087136327129,21.841974651951816,122.1351255964921,127.63700689747742,126.79879925234431,128.54303149087963,129.61180583182491,125.72438488269192,10.21225434757512,16.562510990768523,7.090231333744649,54.758243854338467,59.666899747132931,69.605930199486565,73.362002342011962,72.243886714502537,0.12917375622782856,0.48970407620072365,-0.85767040401697159,42.789135932922363,0.0,0.60572609305381775,-0.21651407983154058,-0.83047211915254593,-0.50947857648134232,0.07348363846540451,0.12277013808488846,0.057261783629655838,39.019783020019531,-36.166088104248047,10.518184661865234,0.0,0.0,0.0,44.350074768066406,-45.05352783203125,5.9635696411132812,0.0,0.0,0.0,0.0,0.0,0.0,0.0,0.0,0.0
